"TICKET","TRANSACTION DATE","TRANSACTION TYPE","DETAILS","INSTRUMENT","PRICE","UNITS","DIRECTION","SPREAD COST","STOP LOSS","GUARANTEED STOP LOSS","TAKE PROFIT","TRAILING STOP","FINANCING","COMMISSION","GSL FEE","GSL PREMIUM","CONVERSION RATE","PL","AMOUNT","BALANCE"
"12901","2023-11-05 07:48:42 -12","MARKET_ORDER","CLIENT_ORDER","XAU/USD","","1.00","Buy","","","","","","","","","","","","",""
"12902","2023-11-05 07:48:42 -12","ORDER_CANCEL","MARKET_HALTED","","","","","","","","","","","","","","","","",""
"12903","2023-11-05 07:50:23 -12","MARKET_ORDER","CLIENT_ORDER","XAU/USD","","1.00","Buy","","","","","","","","","","","","",""
"12904","2023-11-05 07:50:23 -12","ORDER_CANCEL","MARKET_HALTED","","","","","","","","","","","","","","","","",""
"12905","2023-11-05 08:04:36 -12","MARKET_ORDER","CLIENT_ORDER","XAU/USD","","1.00","Buy","","","","","","","","","","","","",""
"12906","2023-11-05 08:04:36 -12","ORDER_CANCEL","MARKET_HALTED","","","","","","","","","","","","","","","","",""
"12907","2023-11-05 21:07:30 -12","MARKET_ORDER","CLIENT_ORDER","XAU/USD","","1.00","Buy","","","","","","","","","","","","",""
"12908","2023-11-05 21:07:30 -12","ORDER_FILL","MARKET_ORDER","XAU/USD","1985.86000","1.00","Buy","0.1289","","","","","0.00000","0.0000","0.0000","","","0.00000","","97955.80"
"12909","2023-11-05 21:09:04 -12","MARKET_ORDER","TRADE_CLOSE","XAU/USD","","1.00","Sell","","","","","","","","","","","","",""
"12910","2023-11-05 21:09:04 -12","ORDER_FILL","MARKET_ORDER_TRADE_CLOSE","XAU/USD","1985.86000","1.00","Sell","0.1329","","","","","0.00000","0.0000","0.0000","","","0.00000","","97955.80"
"12911","2023-11-05 21:10:39 -12","MARKET_ORDER","CLIENT_ORDER","XAU/USD","","1.00","Buy","","","","","","","","","","","","",""
"12912","2023-11-05 21:10:39 -12","ORDER_FILL","MARKET_ORDER","XAU/USD","1986.82000","1.00","Buy","0.1329","","","","","0.00000","0.0000","0.0000","","","0.00000","","97955.80"
"12913","2023-11-05 21:14:32 -12","MARKET_ORDER","CLIENT_ORDER","XAU/USD","","1.00","Buy","","","","","","","","","","","","",""
"12914","2023-11-05 21:14:32 -12","ORDER_FILL","MARKET_ORDER","XAU/USD","1987.18000","1.00","Buy","0.1329","","","","","0.00000","0.0000","0.0000","","","0.00000","","97955.80"
"12915","2023-11-05 21:14:32 -12","STOP_LOSS_ORDER","CLIENT_ORDER","","1933.06000","","","","","","","","","","","","","","",""
"12916","2023-11-05 21:15:33 -12","MARKET_ORDER","CLIENT_ORDER","XAU/USD","","1.00","Buy","","","","","","","","","","","","",""
"12917","2023-11-05 21:15:33 -12","ORDER_FILL","MARKET_ORDER","XAU/USD","1987.19000","1.00","Buy","0.1409","","","","","0.00000","0.0000","0.0000","","","0.00000","","97955.80"
"12918","2023-11-05 21:15:34 -12","STOP_LOSS_ORDER","CLIENT_ORDER","","1933.06000","","","","","","","","","","","","","","",""
"12919","2023-11-05 21:17:02 -12","MARKET_ORDER","CLIENT_ORDER","XAU/USD","","1.00","Buy","","","","","","","","","","","","",""
"12920","2023-11-05 21:17:02 -12","ORDER_FILL","MARKET_ORDER","XAU/USD","1986.88000","1.00","Buy","0.1369","","","","","0.00000","0.0000","0.0000","","","0.00000","","97955.80"
"12921","2023-11-05 21:17:02 -12","STOP_LOSS_ORDER","CLIENT_ORDER","","1933.06000","","","","","","","","","","","","","","",""
"12922","2023-11-05 21:20:21 -12","MARKET_ORDER","CLIENT_ORDER","XAU/USD","","1.00","Buy","","","","","","","","","","","","",""
"12923","2023-11-05 21:20:21 -12","ORDER_FILL","MARKET_ORDER","XAU/USD","1987.15000","1.00","Buy","0.1449","","","","","0.00000","0.0000","0.0000","","","0.00000","","97955.80"
"12924","2023-11-05 21:20:22 -12","STOP_LOSS_ORDER","CLIENT_ORDER","","1933.06000","","","","","","","","","","","","","","",""
"12925","2023-11-05 21:21:17 -12","MARKET_ORDER","CLIENT_ORDER","XAU/USD","","1.00","Buy","","","","","","","","","","","","",""
"12926","2023-11-05 21:21:17 -12","ORDER_FILL","MARKET_ORDER","XAU/USD","1986.75000","1.00","Buy","0.1410","","","","","0.00000","0.0000","0.0000","","","0.00000","","97955.80"
"12927","2023-11-05 21:21:17 -12","STOP_LOSS_ORDER","CLIENT_ORDER","","1933.06000","","","","","","","","","","","","","","",""
"12928","2023-11-05 21:22:17 -12","MARKET_ORDER","CLIENT_ORDER","XAU/USD","","1.00","Buy","","","","","","","","","","","","",""
"12929","2023-11-05 21:22:17 -12","ORDER_FILL","MARKET_ORDER","XAU/USD","1986.61000","1.00","Buy","0.1208","","","","","0.00000","0.0000","0.0000","","","0.00000","","97955.80"
"12930","2023-11-05 21:22:18 -12","STOP_LOSS_ORDER","CLIENT_ORDER","","1933.06000","","","","","","","","","","","","","","",""
"12931","2023-11-05 21:22:18 -12","TAKE_PROFIT_ORDER","CLIENT_ORDER","","2000.15000","","","","","","","","","","","","","","",""
"12932","2023-11-05 21:22:52 -12","MARKET_ORDER","TRADE_CLOSE","XAU/USD","","1.00","Sell","","","","","","","","","","","","",""
"12933","2023-11-05 21:22:52 -12","ORDER_FILL","MARKET_ORDER_TRADE_CLOSE","XAU/USD","1986.13000","1.00","Sell","0.1450","","","","","0.00000","0.0000","0.0000","","0.81","-0.38870","","97955.41"
"12934","2023-11-05 21:22:52 -12","ORDER_CANCEL","LINKED_TRADE_CLOSED","","","","","","","","","","","","","","","","",""
"12935","2023-11-05 21:22:52 -12","ORDER_CANCEL","LINKED_TRADE_CLOSED","","","","","","","","","","","","","","","","",""
"12936","2023-11-05 21:22:59 -12","MARKET_ORDER","POSITION_CLOSEOUT","XAU/USD","","6.00","Sell","","","","","","","","","","","","",""
"12937","2023-11-05 21:22:59 -12","ORDER_FILL","MARKET_ORDER_POSITION_CLOSEOUT","XAU/USD","1986.07000","6.00","Sell","0.8460","","","","","0.00000","0.0000","0.0000","","0.81","-4.49400","","97950.92"
"12938","2023-11-05 21:22:59 -12","ORDER_CANCEL","LINKED_TRADE_CLOSED","","","","","","","","","","","","","","","","",""
"12939","2023-11-05 21:22:59 -12","ORDER_CANCEL","LINKED_TRADE_CLOSED","","","","","","","","","","","","","","","","",""
"12940","2023-11-05 21:22:59 -12","ORDER_CANCEL","LINKED_TRADE_CLOSED","","","","","","","","","","","","","","","","",""
"12941","2023-11-05 21:22:59 -12","ORDER_CANCEL","LINKED_TRADE_CLOSED","","","","","","","","","","","","","","","","",""
"12942","2023-11-05 21:22:59 -12","ORDER_CANCEL","LINKED_TRADE_CLOSED","","","","","","","","","","","","","","","","",""
"12943","2023-11-05 21:24:11 -12","MARKET_ORDER","CLIENT_ORDER","XAU/USD","","1.00","Buy","","","","","","","","","","","","",""
"12944","2023-11-05 21:24:11 -12","ORDER_FILL","MARKET_ORDER","XAU/USD","1987.03000","1.00","Buy","0.1289","","","","","0.00000","0.0000","0.0000","","","0.00000","","97950.92"
"12945","2023-11-05 21:24:11 -12","STOP_LOSS_ORDER","CLIENT_ORDER","","1933.06000","","","","","","","","","","","","","","",""
"12946","2023-11-05 21:24:12 -12","TAKE_PROFIT_ORDER","CLIENT_ORDER","","2000.15000","","","","","","","","","","","","","","",""
"12947","2023-11-05 21:24:32 -12","MARKET_ORDER","TRADE_CLOSE","XAU/USD","","1.00","Sell","","","","","","","","","","","","",""
"12948","2023-11-05 21:24:32 -12","ORDER_FILL","MARKET_ORDER_TRADE_CLOSE","XAU/USD","1986.39000","1.00","Sell","0.1410","","","","","0.00000","0.0000","0.0000","","0.81","-0.51810","","97950.40"
"12949","2023-11-05 21:24:32 -12","ORDER_CANCEL","LINKED_TRADE_CLOSED","","","","","","","","","","","","","","","","",""
"12950","2023-11-05 21:24:32 -12","ORDER_CANCEL","LINKED_TRADE_CLOSED","","","","","","","","","","","","","","","","",""
"12951","2023-11-05 21:26:54 -12","MARKET_ORDER","CLIENT_ORDER","XAU/USD","","1.00","Buy","","","","","","","","","","","","",""
"12952","2023-11-05 21:26:54 -12","ORDER_FILL","MARKET_ORDER","XAU/USD","1987.00000","1.00","Buy","0.1208","","","","","0.00000","0.0000","0.0000","","","0.00000","","97950.40"
"12953","2023-11-05 21:26:54 -12","STOP_LOSS_ORDER","CLIENT_ORDER","","1933.06000","","","","","","","","","","","","","","",""
"12954","2023-11-05 21:26:54 -12","TAKE_PROFIT_ORDER","CLIENT_ORDER","","2000.15000","","","","","","","","","","","","","","",""
"12955","2023-11-05 21:27:30 -12","MARKET_ORDER","TRADE_CLOSE","XAU/USD","","1.00","Sell","","","","","","","","","","","","",""
"12956","2023-11-05 21:27:30 -12","ORDER_FILL","MARKET_ORDER_TRADE_CLOSE","XAU/USD","1986.71000","1.00","Sell","0.1249","","","","","0.00000","0.0000","0.0000","","0.81","-0.23480","","97950.17"
"12957","2023-11-05 21:27:30 -12","ORDER_CANCEL","LINKED_TRADE_CLOSED","","","","","","","","","","","","","","","","",""
"12958","2023-11-05 21:27:30 -12","ORDER_CANCEL","LINKED_TRADE_CLOSED","","","","","","","","","","","","","","","","",""
"12959","2023-11-06 08:31:01 -12","MARKET_ORDER","CLIENT_ORDER","XAU/USD","","1.00","Buy","","","","","","","","","","","","",""
"12960","2023-11-06 08:31:01 -12","ORDER_FILL","MARKET_ORDER","XAU/USD","1979.79000","1.00","Buy","0.1296","","","","","0.00000","0.0000","0.0000","","","0.00000","","97950.17"
"12961","2023-11-06 08:31:01 -12","STOP_LOSS_ORDER","CLIENT_ORDER","","1933.06000","","","","","","","","","","","","","","",""
"12962","2023-11-06 08:31:01 -12","TAKE_PROFIT_ORDER","CLIENT_ORDER","","1939.15000","","","","","","","","","","","","","","",""
"12963","2023-11-06 08:31:01 -12","ORDER_FILL","TAKE_PROFIT_ORDER","XAU/USD","1979.47000","1.00","Sell","0.1296","","","","","0.00000","0.0000","0.0000","","0.81","-0.26050","","97949.91"
"12964","2023-11-06 08:31:01 -12","ORDER_CANCEL","LINKED_TRADE_CLOSED","","","","","","","","","","","","","","","","",""
"12965","2023-11-06 08:35:43 -12","MARKET_ORDER","CLIENT_ORDER","XAU/USD","","1.00","Buy","","","","","","","","","","","","",""
"12966","2023-11-06 08:35:43 -12","ORDER_FILL","MARKET_ORDER","XAU/USD","1979.30000","1.00","Buy","0.1215","","","","","0.00000","0.0000","0.0000","","","0.00000","","97949.91"
"12967","2023-11-06 08:35:43 -12","STOP_LOSS_ORDER","CLIENT_ORDER","","1933.06000","","","","","","","","","","","","","","",""
"12968","2023-11-06 08:35:43 -12","TAKE_PROFIT_ORDER","CLIENT_ORDER","","1939.15000","","","","","","","","","","","","","","",""
"12969","2023-11-06 08:35:43 -12","ORDER_FILL","TAKE_PROFIT_ORDER","XAU/USD","1979.00000","1.00","Sell","0.1215","","","","","0.00000","0.0000","0.0000","","0.81","-0.24420","","97949.66"
"12970","2023-11-06 08:35:43 -12","ORDER_CANCEL","LINKED_TRADE_CLOSED","","","","","","","","","","","","","","","","",""
"12971","2023-11-06 10:58:41 -12","MARKET_ORDER","CLIENT_ORDER","BCO/USD","","1.00","Sell","","","","","","","","","","","","",""
"12972","2023-11-06 10:58:41 -12","ORDER_FILL","MARKET_ORDER","BCO/USD","85.96100","1.00","Sell","0.0328","","","","","0.00000","0.0000","0.0000","","","0.00000","","97949.66"
"12973","2023-11-06 10:58:41 -12","STOP_LOSS_ORDER","CLIENT_ORDER","","83.00000","","","","","","","","","","","","","","",""
"12974","2023-11-06 10:58:41 -12","ORDER_FILL","STOP_LOSS_ORDER","BCO/USD","86.04200","1.00","Buy","0.0328","","","","","0.00000","0.0000","0.0000","","0.81","-0.06590","","97949.60"
"12975","2023-11-06 10:58:41 -12","TAKE_PROFIT_ORDER_REJECT","CLIENT_ORDER","","80.00000","","","","","","","","","","","","","","",""
"12976","2023-11-06 11:02:00 -12","MARKET_ORDER","CLIENT_ORDER","JP225/USD","","1.00","Buy","","","","","","","","","","","","",""
"12977","2023-11-06 11:02:00 -12","ORDER_FILL","MARKET_ORDER","JP225/USD","32464.20000","1.00","Buy","3.2402","","","","","0.00000","0.0000","0.0000","","","0.00000","","97949.60"
"12978","2023-11-06 11:02:00 -12","STOP_LOSS_ORDER","CLIENT_ORDER","","31300.00000","","","","","","","","","","","","","","",""
"12979","2023-11-06 11:02:00 -12","TAKE_PROFIT_ORDER","CLIENT_ORDER","","31700.00000","","","","","","","","","","","","","","",""
"12980","2023-11-06 11:02:00 -12","ORDER_FILL","TAKE_PROFIT_ORDER","JP225/USD","32456.20000","1.00","Sell","3.2402","","","","","0.00000","0.0000","0.0000","","0.81","-6.51270","","97943.08"
"12981","2023-11-06 11:02:00 -12","ORDER_CANCEL","LINKED_TRADE_CLOSED","","","","","","","","","","","","","","","","",""
"12982","2023-11-06 11:02:18 -12","MARKET_ORDER","CLIENT_ORDER","BCO/USD","","1.00","Sell","","","","","","","","","","","","",""
"12983","2023-11-06 11:02:18 -12","ORDER_CANCEL","MARKET_HALTED","","","","","","","","","","","","","","","","",""
"12984","2023-11-06 21:02:36 -12","MARKET_ORDER","CLIENT_ORDER","JP225/USD","","1.00","Sell","","","","","","","","","","","","",""
"12985","2023-11-06 21:02:36 -12","ORDER_FILL","MARKET_ORDER","JP225/USD","32110.90000","1.00","Sell","2.8395","","","","","0.00000","0.0000","0.0000","","","0.00000","","97943.08"
"12986","2023-11-06 21:02:36 -12","STOP_LOSS_ORDER","CLIENT_ORDER","","32400.00000","","","","","","","","","","","","","","",""
"12987","2023-11-06 21:02:36 -12","TAKE_PROFIT_ORDER","CLIENT_ORDER","","32000.00000","","","","","","","","","","","","","","",""
"12988","2023-11-07 09:27:33 -12","MARKET_ORDER","CLIENT_ORDER","JP225/USD","","1.00","Sell","","","","","","","","","","","","",""
"12989","2023-11-07 09:27:33 -12","ORDER_FILL","MARKET_ORDER","JP225/USD","32345.90000","1.00","Sell","2.8462","","","","","0.00000","0.0000","0.0000","","","0.00000","","97943.08"
"12990","2023-11-07 09:27:33 -12","STOP_LOSS_ORDER","CLIENT_ORDER","","32400.00000","","","","","","","","","","","","","","",""
"12991","2023-11-07 09:27:34 -12","TAKE_PROFIT_ORDER","CLIENT_ORDER","","32000.00000","","","","","","","","","","","","","","",""
"12992","2023-11-07 09:39:34 -12","MARKET_ORDER","CLIENT_ORDER","JP225/USD","","1.00","Sell","","","","","","","","","","","","",""
"12993","2023-11-07 09:39:34 -12","ORDER_FILL","MARKET_ORDER","JP225/USD","32352.90000","1.00","Sell","3.2522","","","","","0.00000","0.0000","0.0000","","","0.00000","","97943.08"
"12994","2023-11-07 09:39:36 -12","STOP_LOSS_ORDER","CLIENT_ORDER","","32400.00000","","","","","","","","","","","","","","",""
"12995","2023-11-07 09:39:36 -12","TAKE_PROFIT_ORDER","CLIENT_ORDER","","32000.00000","","","","","","","","","","","","","","",""
"12996","2023-11-07 09:39:40 -12","MARKET_ORDER","CLIENT_ORDER","JP225/USD","","1.00","Sell","","","","","","","","","","","","",""
"12997","2023-11-07 09:39:40 -12","ORDER_FILL","MARKET_ORDER","JP225/USD","32352.90000","1.00","Sell","3.2522","","","","","0.00000","0.0000","0.0000","","","0.00000","","97943.08"
"12998","2023-11-07 09:39:40 -12","STOP_LOSS_ORDER","CLIENT_ORDER","","32400.00000","","","","","","","","","","","","","","",""
"12999","2023-11-07 09:39:40 -12","TAKE_PROFIT_ORDER","CLIENT_ORDER","","32000.00000","","","","","","","","","","","","","","",""
"13000","2023-11-07 09:39:51 -12","MARKET_ORDER","CLIENT_ORDER","XAU/USD","","1.00","Sell","","","","","","","","","","","","",""
"13001","2023-11-07 09:39:51 -12","ORDER_FILL","MARKET_ORDER","XAU/USD","1968.71000","1.00","Sell","0.1464","","","","","0.00000","0.0000","0.0000","","","0.00000","","97943.08"
"13002","2023-11-07 09:39:51 -12","STOP_LOSS_ORDER","CLIENT_ORDER","","32400.00000","","","","","","","","","","","","","","",""
"13003","2023-11-07 09:39:51 -12","TAKE_PROFIT_ORDER","CLIENT_ORDER","","32000.00000","","","","","","","","","","","","","","",""
"13004","2023-11-07 09:39:51 -12","ORDER_FILL","TAKE_PROFIT_ORDER","XAU/USD","1969.07000","1.00","Buy","0.1464","","","","","0.00000","0.0000","0.0000","","0.82","-0.29420","","97942.79"
"13005","2023-11-07 09:39:51 -12","ORDER_CANCEL","LINKED_TRADE_CLOSED","","","","","","","","","","","","","","","","",""
"13006","2023-11-07 09:43:09 -12","MARKET_ORDER","CLIENT_ORDER","JP225/USD","","1.00","Buy","","","","","","","","","","","","",""
"13007","2023-11-07 09:43:09 -12","ORDER_FILL","MARKET_ORDER","JP225/USD","32357.90000","1.00","Buy","2.8457","","","","","0.00000","0.0000","0.0000","","0.82","-201.82690","","97740.96"
"13008","2023-11-07 09:43:09 -12","ORDER_CANCEL","LINKED_TRADE_CLOSED","","","","","","","","","","","","","","","","",""
"13009","2023-11-07 09:43:09 -12","ORDER_CANCEL","LINKED_TRADE_CLOSED","","","","","","","","","","","","","","","","",""
"13010","2023-11-07 09:43:16 -12","MARKET_ORDER","CLIENT_ORDER","XAU/USD","","1.00","Sell","","","","","","","","","","","","",""
"13011","2023-11-07 09:43:16 -12","ORDER_FILL","MARKET_ORDER","XAU/USD","1968.75000","1.00","Sell","0.1301","","","","","0.00000","0.0000","0.0000","","","0.00000","","97740.96"
"13012","2023-11-07 09:43:16 -12","STOP_LOSS_ORDER","CLIENT_ORDER","","32400.00000","","","","","","","","","","","","","","",""
"13013","2023-11-07 09:43:16 -12","TAKE_PROFIT_ORDER","CLIENT_ORDER","","32000.00000","","","","","","","","","","","","","","",""
"13014","2023-11-07 09:43:16 -12","ORDER_FILL","TAKE_PROFIT_ORDER","XAU/USD","1969.07000","1.00","Buy","0.1301","","","","","0.00000","0.0000","0.0000","","0.82","-0.26150","","97740.70"
"13015","2023-11-07 09:43:16 -12","ORDER_CANCEL","LINKED_TRADE_CLOSED","","","","","","","","","","","","","","","","",""
"13016","2023-11-07 09:44:15 -12","MARKET_ORDER","CLIENT_ORDER","BCO/USD","","1.00","Sell","","","","","","","","","","","","",""
"13017","2023-11-07 09:44:15 -12","ORDER_FILL","MARKET_ORDER","BCO/USD","82.16400","1.00","Sell","0.0122","","","","","0.00000","0.0000","0.0000","","","0.00000","","97740.70"
"13018","2023-11-07 09:44:15 -12","STOP_LOSS_ORDER","CLIENT_ORDER","","83.00000","","","","","","","","","","","","","","",""
"13019","2023-11-07 09:44:15 -12","TAKE_PROFIT_ORDER","CLIENT_ORDER","","80.00000","","","","","","","","","","","","","","",""
"13020","2023-11-07 09:44:22 -12","MARKET_ORDER","CLIENT_ORDER","XAU/USD","","1.00","Sell","","","","","","","","","","","","",""
"13021","2023-11-07 09:44:22 -12","ORDER_FILL","MARKET_ORDER","XAU/USD","1968.60000","1.00","Sell","0.1098","","","","","0.00000","0.0000","0.0000","","","0.00000","","97740.70"
"13022","2023-11-07 09:44:22 -12","STOP_LOSS_ORDER","CLIENT_ORDER","","83.00000","","","","","","","","","","","","","","",""
"13023","2023-11-07 09:44:22 -12","ORDER_FILL","STOP_LOSS_ORDER","XAU/USD","1968.87000","1.00","Buy","0.1098","","","","","0.00000","0.0000","0.0000","","0.82","-0.22060","","97740.48"
"13024","2023-11-07 09:44:22 -12","TAKE_PROFIT_ORDER_REJECT","CLIENT_ORDER","","80.00000","","","","","","","","","","","","","","",""
"13025","2023-11-07 09:45:13 -12","MARKET_ORDER","POSITION_CLOSEOUT","BCO/USD","","1.00","Buy","","","","","","","","","","","","",""
"13026","2023-11-07 09:45:13 -12","ORDER_FILL","MARKET_ORDER_POSITION_CLOSEOUT","BCO/USD","82.20900","1.00","Buy","0.0122","","","","","0.00000","0.0000","0.0000","","0.82","-0.03680","","97740.44"
"13027","2023-11-07 09:45:13 -12","ORDER_CANCEL","LINKED_TRADE_CLOSED","","","","","","","","","","","","","","","","",""
"13028","2023-11-07 09:45:13 -12","ORDER_CANCEL","LINKED_TRADE_CLOSED","","","","","","","","","","","","","","","","",""
"13029","2023-11-07 09:45:17 -12","MARKET_ORDER","POSITION_CLOSEOUT","JP225/USD","","3.00","Buy","","","","","","","","","","","","",""
"13030","2023-11-07 09:45:17 -12","ORDER_FILL","MARKET_ORDER_POSITION_CLOSEOUT","JP225/USD","32357.90000","3.00","Buy","8.5377","","","","","0.00000","0.0000","0.0000","","0.82","-17.97810","","97722.47"
"13031","2023-11-07 09:45:17 -12","ORDER_CANCEL","LINKED_TRADE_CLOSED","","","","","","","","","","","","","","","","",""
"13032","2023-11-07 09:45:17 -12","ORDER_CANCEL","LINKED_TRADE_CLOSED","","","","","","","","","","","","","","","","",""
"13033","2023-11-07 09:45:17 -12","ORDER_CANCEL","LINKED_TRADE_CLOSED","","","","","","","","","","","","","","","","",""
"13034","2023-11-07 09:45:17 -12","ORDER_CANCEL","LINKED_TRADE_CLOSED","","","","","","","","","","","","","","","","",""
"13035","2023-11-07 09:45:17 -12","ORDER_CANCEL","LINKED_TRADE_CLOSED","","","","","","","","","","","","","","","","",""
"13036","2023-11-07 09:45:17 -12","ORDER_CANCEL","LINKED_TRADE_CLOSED","","","","","","","","","","","","","","","","",""
"13037","2023-11-07 19:23:19 -12","MARKET_ORDER","CLIENT_ORDER","BCO/USD","","1.00","Buy","","","","","","","","","","","","",""
"13038","2023-11-07 19:23:19 -12","ORDER_FILL","MARKET_ORDER","BCO/USD","82.50900","1.00","Buy","0.0122","","","","","0.00000","0.0000","0.0000","","","0.00000","","97722.47"
"13039","2023-11-07 19:23:19 -12","STOP_LOSS_ORDER","CLIENT_ORDER","","76.00000","","","","","","","","","","","","","","",""
"13040","2023-11-07 19:23:19 -12","TAKE_PROFIT_ORDER","CLIENT_ORDER","","78.50000","","","","","","","","","","","","","","",""
"13041","2023-11-07 19:23:19 -12","ORDER_FILL","TAKE_PROFIT_ORDER","BCO/USD","82.47900","1.00","Sell","0.0122","","","","","0.00000","0.0000","0.0000","","0.82","-0.02460","","97722.44"
"13042","2023-11-07 19:23:19 -12","ORDER_CANCEL","LINKED_TRADE_CLOSED","","","","","","","","","","","","","","","","",""
"13043","2023-11-08 01:03:21 -12","MARKET_ORDER","CLIENT_ORDER","BCO/USD","","1.00","Buy","","","","","","","","","","","","",""
"13044","2023-11-08 01:03:21 -12","ORDER_FILL","MARKET_ORDER","BCO/USD","81.20400","1.00","Buy","0.0122","","","","","0.00000","0.0000","0.0000","","","0.00000","","97722.44"
"13045","2023-11-08 01:03:21 -12","STOP_LOSS_ORDER","CLIENT_ORDER","","75.00000","","","","","","","","","","","","","","",""
"13046","2023-11-08 01:03:21 -12","TAKE_PROFIT_ORDER","CLIENT_ORDER","","77.50000","","","","","","","","","","","","","","",""
"13047","2023-11-08 01:03:21 -12","ORDER_FILL","TAKE_PROFIT_ORDER","BCO/USD","81.17400","1.00","Sell","0.0122","","","","","0.00000","0.0000","0.0000","","0.82","-0.02460","","97722.42"
"13048","2023-11-08 01:03:21 -12","ORDER_CANCEL","LINKED_TRADE_CLOSED","","","","","","","","","","","","","","","","",""
"13049","2023-11-08 03:39:29 -12","MARKET_ORDER","CLIENT_ORDER","JP225/USD","","1.00","Sell","","","","","","","","","","","","",""
"13050","2023-11-08 03:39:29 -12","ORDER_FILL","MARKET_ORDER","JP225/USD","32185.70000","1.00","Sell","2.8528","","","","","0.00000","0.0000","0.0000","","","0.00000","","97722.42"
"13051","2023-11-08 03:39:30 -12","STOP_LOSS_ORDER","CLIENT_ORDER","","32500.00000","","","","","","","","","","","","","","",""
"13052","2023-11-08 03:39:30 -12","TAKE_PROFIT_ORDER","CLIENT_ORDER","","32100.00000","","","","","","","","","","","","","","",""
"13053","2023-11-08 04:52:57 -12","MARKET_ORDER","CLIENT_ORDER","US30/USD","","1.00","Sell","","","","","","","","","","","","",""
"13054","2023-11-08 04:52:57 -12","ORDER_FILL","MARKET_ORDER","US30/USD","34096.20000","1.00","Sell","0.8131","","","","","0.00000","0.0000","0.0000","","","0.00000","","97722.42"
"13055","2023-11-08 04:52:57 -12","STOP_LOSS_ORDER","CLIENT_ORDER","","34220.00000","","","","","","","","","","","","","","",""
"13056","2023-11-08 04:52:57 -12","TAKE_PROFIT_ORDER","CLIENT_ORDER","","34000.00000","","","","","","","","","","","","","","",""
"13057","2023-11-08 05:05:22 -12","ORDER_FILL","TAKE_PROFIT_ORDER","JP225/USD","32097.70000","1.00","Buy","2.8474","","","","","0.00000","0.0000","0.0000","","0.81","71.23360","","97793.65"
"13058","2023-11-08 05:05:22 -12","ORDER_CANCEL","LINKED_TRADE_CLOSED","","","","","","","","","","","","","","","","",""
"13059","2023-11-08 05:08:01 -12","ORDER_FILL","TAKE_PROFIT_ORDER","US30/USD","33999.20000","1.00","Buy","0.8140","","","","","0.00000","0.0000","0.0000","","0.81","78.56070","","97872.21"
"13060","2023-11-08 05:08:01 -12","ORDER_CANCEL","LINKED_TRADE_CLOSED","","","","","","","","","","","","","","","","",""
"13061","2023-11-13 03:07:29 -12","MARKET_ORDER","CLIENT_ORDER","XAU/USD","","1.00","Buy","","","","","","","","","","","","",""
"13062","2023-11-13 03:07:29 -12","ORDER_FILL","MARKET_ORDER","XAU/USD","1936.04000","1.00","Buy","0.1347","","","","","0.00000","0.0000","0.0000","","","0.00000","","97872.21"
"13063","2023-11-13 03:07:31 -12","STOP_LOSS_ORDER","CLIENT_ORDER","","1930.00000","","","","","","","","","","","","","","",""
"13064","2023-11-13 03:07:31 -12","TAKE_PROFIT_ORDER","CLIENT_ORDER","","1950.00000","","","","","","","","","","","","","","",""
"13065","2023-11-13 10:00:00 -12","DAILY_FINANCING","","","","","","","","","","","-0.28890","","","","","","","97871.92"
"","2023-11-13 10:00:00 -12","DAILY_FINANCING","Trade ID: 13062","XAU/USD","","","","","","","","","-0.28890","","","","","","",""
"13066","2023-11-14 01:30:02 -12","ORDER_FILL","TAKE_PROFIT_ORDER","XAU/USD","1950.02000","1.00","Sell","1.2368","","","","","0.00000","0.0000","0.0000","","0.81","11.28090","","97883.20"
"13067","2023-11-14 01:30:02 -12","ORDER_CANCEL","LINKED_TRADE_CLOSED","","","","","","","","","","","","","","","","",""
"13068","2023-11-27 04:43:23 -12","MARKET_ORDER","CLIENT_ORDER","XAU/USD","","1.00","Buy","","","","","","","","","","","","",""
"13069","2023-11-27 04:43:23 -12","ORDER_FILL","MARKET_ORDER","XAU/USD","2007.58000","1.00","Buy","0.1428","","","","","0.00000","0.0000","0.0000","","","0.00000","","97883.20"
"13070","2023-11-27 04:43:23 -12","STOP_LOSS_ORDER","CLIENT_ORDER","","1992.00000","","","","","","","","","","","","","","",""
"13071","2023-11-27 04:43:23 -12","TAKE_PROFIT_ORDER","CLIENT_ORDER","","2020.00000","","","","","","","","","","","","","","",""
"13072","2023-11-27 10:00:00 -12","DAILY_FINANCING","","","","","","","","","","","-0.29340","","","","","","","97882.91"
"","2023-11-27 10:00:00 -12","DAILY_FINANCING","Trade ID: 13069","XAU/USD","","","","","","","","","-0.29340","","","","","","",""
"13073","2023-11-28 01:42:33 -12","ORDER_FILL","TAKE_PROFIT_ORDER","XAU/USD","2020.33000","1.00","Sell","0.1582","","","","","0.00000","0.0000","0.0000","","0.79","10.03760","","97892.95"
"13074","2023-11-28 01:42:33 -12","ORDER_CANCEL","LINKED_TRADE_CLOSED","","","","","","","","","","","","","","","","",""
"13075","2023-11-28 05:37:48 -12","MARKET_ORDER","CLIENT_ORDER","US30/USD","","1.00","Sell","","","","","","","","","","","","",""
"13076","2023-11-28 05:37:48 -12","ORDER_FILL","MARKET_ORDER","US30/USD","35405.60000","1.00","Sell","0.7874","","","","","0.00000","0.0000","0.0000","","","0.00000","","97892.95"
"13077","2023-11-28 05:37:48 -12","STOP_LOSS_ORDER","CLIENT_ORDER","","35550.00000","","","","","","","","","","","","","","",""
"13078","2023-11-28 05:37:48 -12","TAKE_PROFIT_ORDER","CLIENT_ORDER","","35300.00000","","","","","","","","","","","","","","",""
"13079","2023-11-28 10:00:00 -12","DAILY_FINANCING","","","","","","","","","","","2.14320","","","","","","","97895.09"
"","2023-11-28 10:00:00 -12","DAILY_FINANCING","Trade ID: 13076","US30/USD","","","","","","","","","2.14320","","","","","","",""
"13080","2023-11-28 11:00:04 -12","DIVIDEND_ADJUSTMENT","","US30/USD","","","","","","","","","","","","","","","-28.90","97866.19"
"13081","2023-11-29 06:26:42 -12","ORDER_FILL","STOP_LOSS_ORDER","US30/USD","35553.60000","1.00","Buy","0.7872","","","","","0.00000","0.0000","0.0000","","0.79","-117.09550","","97749.10"
"13082","2023-11-29 06:26:42 -12","ORDER_CANCEL","LINKED_TRADE_CLOSED","","","","","","","","","","","","","","","","",""
"13083","2023-11-29 19:55:15 -12","MARKET_ORDER","CLIENT_ORDER","BCO/USD","","1.00","Buy","","","","","","","","","","","","",""
"13084","2023-11-29 19:55:15 -12","ORDER_FILL","MARKET_ORDER","BCO/USD","83.56300","1.00","Buy","0.0118","","","","","0.00000","0.0000","0.0000","","","0.00000","","97749.10"
"13085","2023-11-29 19:55:16 -12","STOP_LOSS_ORDER","CLIENT_ORDER","","76.50000","","","","","","","","","","","","","","",""
"13086","2023-11-29 19:55:16 -12","TAKE_PROFIT_ORDER","CLIENT_ORDER","","79.50000","","","","","","","","","","","","","","",""
"13087","2023-11-29 19:55:16 -12","ORDER_FILL","TAKE_PROFIT_ORDER","BCO/USD","83.53300","1.00","Sell","0.0118","","","","","0.00000","0.0000","0.0000","","0.79","-0.02380","","97749.07"
"13088","2023-11-29 19:55:16 -12","ORDER_CANCEL","LINKED_TRADE_CLOSED","","","","","","","","","","","","","","","","",""
"13089","2023-11-30 02:59:22 -12","MARKET_ORDER","CLIENT_ORDER","US30/USD","","1.00","Sell","","","","","","","","","","","","",""
"13090","2023-11-30 02:59:22 -12","ORDER_FILL","MARKET_ORDER","US30/USD","35688.60000","1.00","Sell","0.7920","","","","","0.00000","0.0000","0.0000","","","0.00000","","97749.07"
"13091","2023-11-30 02:59:23 -12","STOP_LOSS_ORDER","CLIENT_ORDER","","35850.00000","","","","","","","","","","","","","","",""
"13092","2023-11-30 02:59:23 -12","TAKE_PROFIT_ORDER","CLIENT_ORDER","","35500.00000","","","","","","","","","","","","","","",""
"13093","2023-11-30 08:43:33 -12","ORDER_FILL","STOP_LOSS_ORDER","US30/USD","35851.60000","1.00","Buy","0.7925","","","","","0.00000","0.0000","0.0000","","0.80","-129.81980","","97619.25"
"13094","2023-11-30 08:43:33 -12","ORDER_CANCEL","LINKED_TRADE_CLOSED","","","","","","","","","","","","","","","","",""
"13095","2023-12-01 20:11:08 -12","MARKET_ORDER","CLIENT_ORDER","XAU/USD","","1.00","Sell","","","","","","","","","","","","",""
"13096","2023-12-01 20:11:08 -12","ORDER_CANCEL","MARKET_HALTED","","","","","","","","","","","","","","","","",""
"13097","2023-12-01 20:11:08 -12","MARKET_ORDER","CLIENT_ORDER","US30/USD","","1.00","Sell","","","","","","","","","","","","",""
"13098","2023-12-01 20:11:08 -12","ORDER_CANCEL","MARKET_HALTED","","","","","","","","","","","","","","","","",""
"13099","2023-12-01 20:11:08 -12","MARKET_ORDER","CLIENT_ORDER","US30/USD","","1.00","Sell","","","","","","","","","","","","",""
"13100","2023-12-01 20:11:08 -12","ORDER_CANCEL","MARKET_HALTED","","","","","","","","","","","","","","","","",""
"13101","2023-12-03 23:01:13 -12","MARKET_ORDER","CLIENT_ORDER","BCO/USD","","1.00","Sell","","","","","","","","","","","","",""
"13102","2023-12-03 23:01:13 -12","ORDER_FILL","MARKET_ORDER","BCO/USD","78.24700","1.00","Sell","0.0118","","","","","0.00000","0.0000","0.0000","","","0.00000","","97619.25"
"13103","2023-12-03 23:01:14 -12","STOP_LOSS_ORDER","CLIENT_ORDER","","76.00000","","","","","","","","","","","","","","",""
"13104","2023-12-03 23:01:14 -12","ORDER_FILL","STOP_LOSS_ORDER","BCO/USD","78.27700","1.00","Buy","0.0118","","","","","0.00000","0.0000","0.0000","","0.79","-0.02380","","97619.23"
"13105","2023-12-03 23:01:14 -12","TAKE_PROFIT_ORDER_REJECT","CLIENT_ORDER","","71.00000","","","","","","","","","","","","","","",""
"13106","2023-12-04 01:35:44 -12","MARKET_ORDER","CLIENT_ORDER","XAU/USD","","1.00","Sell","","","","","","","","","","","","",""
"13107","2023-12-04 01:35:44 -12","ORDER_FILL","MARKET_ORDER","XAU/USD","2062.49000","1.00","Sell","0.1381","","","","","0.00000","0.0000","0.0000","","","0.00000","","97619.23"
"13108","2023-12-04 01:35:45 -12","STOP_LOSS_ORDER","CLIENT_ORDER","","2070.00000","","","","","","","","","","","","","","",""
"13109","2023-12-04 01:35:45 -12","TAKE_PROFIT_ORDER","CLIENT_ORDER","","2052.00000","","","","","","","","","","","","","","",""
"13110","2023-12-04 02:04:05 -12","MARKET_ORDER","CLIENT_ORDER","XAU/USD","","1.00","Sell","","","","","","","","","","","","",""
"13111","2023-12-04 02:04:05 -12","ORDER_FILL","MARKET_ORDER","XAU/USD","2053.31000","1.00","Sell","0.1463","","","","","0.00000","0.0000","0.0000","","","0.00000","","97619.23"
"13112","2023-12-04 02:04:05 -12","STOP_LOSS_ORDER","CLIENT_ORDER","","2070.00000","","","","","","","","","","","","","","",""
"13113","2023-12-04 02:04:05 -12","TAKE_PROFIT_ORDER","CLIENT_ORDER","","2052.00000","","","","","","","","","","","","","","",""
"13114","2023-12-04 02:04:40 -12","ORDER_FILL","TAKE_PROFIT_ORDER","XAU/USD","2051.98000","1.00","Buy","0.1660","","","","","0.00000","0.0000","0.0000","","0.79","8.26890","","97627.50"
"13115","2023-12-04 02:04:40 -12","ORDER_CANCEL","LINKED_TRADE_CLOSED","","","","","","","","","","","","","","","","",""
"13116","2023-12-04 02:04:40 -12","ORDER_FILL","TAKE_PROFIT_ORDER","XAU/USD","2051.98000","1.00","Buy","0.1660","","","","","0.00000","0.0000","0.0000","","0.79","1.04640","","97628.55"
"13117","2023-12-04 02:04:40 -12","ORDER_CANCEL","LINKED_TRADE_CLOSED","","","","","","","","","","","","","","","","",""
"13118","2023-12-04 02:34:42 -12","MARKET_ORDER","CLIENT_ORDER","US30/USD","","1.00","Sell","","","","","","","","","","","","",""
"13119","2023-12-04 02:34:42 -12","ORDER_FILL","MARKET_ORDER","US30/USD","36134.30000","1.00","Sell","0.7923","","","","","0.00000","0.0000","0.0000","","","0.00000","","97628.55"
"13120","2023-12-04 02:34:42 -12","STOP_LOSS_ORDER","CLIENT_ORDER","","36300.00000","","","","","","","","","","","","","","",""
"13121","2023-12-04 02:34:42 -12","TAKE_PROFIT_ORDER","CLIENT_ORDER","","36050.00000","","","","","","","","","","","","","","",""
"13122","2023-12-04 03:24:42 -12","MARKET_ORDER","CLIENT_ORDER","NAS100/USD","","1.00","Sell","","","","","","","","","","","","",""
"13123","2023-12-04 03:24:42 -12","ORDER_FILL","MARKET_ORDER","NAS100/USD","15735.60000","1.00","Sell","0.2773","","","","","0.00000","0.0000","0.0000","","","0.00000","","97628.55"
"13124","2023-12-04 03:24:42 -12","STOP_LOSS_ORDER","CLIENT_ORDER","","16000.00000","","","","","","","","","","","","","","",""
"13125","2023-12-04 03:24:42 -12","TAKE_PROFIT_ORDER","CLIENT_ORDER","","15600.00000","","","","","","","","","","","","","","",""
"13126","2023-12-04 10:00:00 -12","DAILY_FINANCING","","","","","","","","","","","3.17710","","","","","","","97631.72"
"","2023-12-04 10:00:00 -12","DAILY_FINANCING","Trade ID: 13123","NAS100/USD","","","","","","","","","0.96710","","","","","","",""
"","2023-12-04 10:00:00 -12","DAILY_FINANCING","Trade ID: 13119","US30/USD","","","","","","","","","2.21000","","","","","","",""
"13127","2023-12-04 11:00:04 -12","DIVIDEND_ADJUSTMENT","","NAS100/USD","","","","","","","","","","","","","","","-0.31","97631.41"
"13128","2023-12-04 23:45:45 -12","MARKET_ORDER","CLIENT_ORDER","US30/USD","","1.00","Sell","","","","","","","","","","","","",""
"13129","2023-12-04 23:45:45 -12","ORDER_FILL","MARKET_ORDER","US30/USD","36102.30000","1.00","Sell","0.9908","","","","","0.00000","0.0000","0.0000","","","0.00000","","97631.41"
"13130","2023-12-04 23:45:45 -12","STOP_LOSS_ORDER","CLIENT_ORDER","","36250.00000","","","","","","","","","","","","","","",""
"13131","2023-12-04 23:45:45 -12","TAKE_PROFIT_ORDER","CLIENT_ORDER","","35950.00000","","","","","","","","","","","","","","",""
"13132","2023-12-05 00:02:40 -12","MARKET_ORDER","CLIENT_ORDER","XAU/USD","","1.00","Sell","","","","","","","","","","","","",""
"13133","2023-12-05 00:02:40 -12","ORDER_FILL","MARKET_ORDER","XAU/USD","2024.12000","1.00","Sell","0.1267","","","","","0.00000","0.0000","0.0000","","","0.00000","","97631.41"
"13134","2023-12-05 00:02:41 -12","STOP_LOSS_ORDER","CLIENT_ORDER","","2040.00000","","","","","","","","","","","","","","",""
"13135","2023-12-05 00:02:41 -12","TAKE_PROFIT_ORDER","CLIENT_ORDER","","2010.00000","","","","","","","","","","","","","","",""
"13136","2023-12-05 02:20:16 -12","MARKET_ORDER","CLIENT_ORDER","NATGAS/USD","","1.00","Buy","","","","","","","","","","","","",""
"13137","2023-12-05 02:20:16 -12","ORDER_FILL","MARKET_ORDER","NATGAS/USD","2.60600","1.00","Buy","0.0028","","","","","0.00000","0.0000","0.0000","","","0.00000","","97631.41"
"13138","2023-12-05 02:20:16 -12","STOP_LOSS_ORDER","CLIENT_ORDER","","2650.00000","","","","","","","","","","","","","","",""
"13139","2023-12-05 02:20:16 -12","ORDER_FILL","STOP_LOSS_ORDER","NATGAS/USD","2.59900","1.00","Sell","0.0028","","","","","0.00000","0.0000","0.0000","","0.80","-0.00560","","97631.41"
"13140","2023-12-05 02:20:16 -12","TAKE_PROFIT_ORDER_REJECT","CLIENT_ORDER","","2900.00000","","","","","","","","","","","","","","",""
"13141","2023-12-05 02:38:37 -12","ORDER_FILL","TAKE_PROFIT_ORDER","US30/USD","36048.60000","1.00","Buy","0.7926","","","","","0.00000","0.0000","0.0000","","0.79","67.58190","","97698.99"
"13142","2023-12-05 02:38:37 -12","ORDER_CANCEL","LINKED_TRADE_CLOSED","","","","","","","","","","","","","","","","",""
"13143","2023-12-05 03:14:10 -12","MARKET_ORDER","CLIENT_ORDER","XAU/USD","","1.00","Sell","","","","","","","","","","","","",""
"13144","2023-12-05 03:14:10 -12","ORDER_FILL","MARKET_ORDER","XAU/USD","2018.30000","1.00","Sell","0.1861","","","","","0.00000","0.0000","0.0000","","","0.00000","","97698.99"
"13145","2023-12-05 03:14:10 -12","STOP_LOSS_ORDER","CLIENT_ORDER","","2030.00000","","","","","","","","","","","","","","",""
"13146","2023-12-05 03:14:11 -12","TAKE_PROFIT_ORDER","CLIENT_ORDER","","2005.00000","","","","","","","","","","","","","","",""
"13147","2023-12-05 06:30:37 -12","MARKET_ORDER","CLIENT_ORDER","BCO/USD","","1.00","Sell","","","","","","","","","","","","",""
"13148","2023-12-05 06:30:37 -12","ORDER_FILL","MARKET_ORDER","BCO/USD","77.64900","1.00","Sell","0.0119","","","","","0.00000","0.0000","0.0000","","","0.00000","","97698.99"
"13149","2023-12-05 06:30:37 -12","STOP_LOSS_ORDER","CLIENT_ORDER","","75.00000","","","","","","","","","","","","","","",""
"13150","2023-12-05 06:30:37 -12","ORDER_FILL","STOP_LOSS_ORDER","BCO/USD","77.67900","1.00","Buy","0.0119","","","","","0.00000","0.0000","0.0000","","0.80","-0.02400","","97698.96"
"13151","2023-12-05 06:30:37 -12","TAKE_PROFIT_ORDER_REJECT","CLIENT_ORDER","","70.00000","","","","","","","","","","","","","","",""
"13152","2023-12-05 10:00:00 -12","DAILY_FINANCING","","","","","","","","","","","3.64880","","","","","","","97702.61"
"","2023-12-05 10:00:00 -12","DAILY_FINANCING","Trade ID: 13133","XAU/USD","","","","","","","","","0.19800","","","","","","",""
"","2023-12-05 10:00:00 -12","DAILY_FINANCING","Trade ID: 13144","XAU/USD","","","","","","","","","0.19800","","","","","","",""
"","2023-12-05 10:00:00 -12","DAILY_FINANCING","Trade ID: 13123","NAS100/USD","","","","","","","","","0.99330","","","","","","",""
"","2023-12-05 10:00:00 -12","DAILY_FINANCING","Trade ID: 13129","US30/USD","","","","","","","","","2.25950","","","","","","",""
"13153","2023-12-05 19:40:21 -12","ORDER_FILL","STOP_LOSS_ORDER","XAU/USD","2030.01000","1.00","Buy","0.1508","","","","","0.00000","0.0000","0.0000","","0.80","-9.34060","","97693.27"
"13154","2023-12-05 19:40:21 -12","ORDER_CANCEL","LINKED_TRADE_CLOSED","","","","","","","","","","","","","","","","",""
"13155","2023-12-06 01:21:02 -12","MARKET_ORDER","CLIENT_ORDER","XAU/USD","","1.00","Sell","","","","","","","","","","","","",""
"13156","2023-12-06 01:21:02 -12","ORDER_FILL","MARKET_ORDER","XAU/USD","2029.72000","1.00","Sell","0.1469","","","","","0.00000","0.0000","0.0000","","","0.00000","","97693.27"
"13157","2023-12-06 01:21:02 -12","STOP_LOSS_ORDER","CLIENT_ORDER","","2050.00000","","","","","","","","","","","","","","",""
"13158","2023-12-06 01:21:02 -12","TAKE_PROFIT_ORDER","CLIENT_ORDER","","2015.00000","","","","","","","","","","","","","","",""
"13159","2023-12-06 02:00:23 -12","ORDER_FILL","STOP_LOSS_ORDER","NAS100/USD","16000.50000","1.00","Buy","0.7541","","","","","0.00000","0.0000","0.0000","","0.80","-211.31860","","97481.95"
"13160","2023-12-06 02:00:23 -12","ORDER_CANCEL","LINKED_TRADE_CLOSED","","","","","","","","","","","","","","","","",""
"13161","2023-12-06 02:30:52 -12","ORDER_FILL","STOP_LOSS_ORDER","US30/USD","36250.10000","1.00","Buy","0.7936","","","","","0.00000","0.0000","0.0000","","0.80","-117.88480","","97364.07"
"13162","2023-12-06 02:30:52 -12","ORDER_CANCEL","LINKED_TRADE_CLOSED","","","","","","","","","","","","","","","","",""
"13163","2023-12-06 10:00:00 -12","DAILY_FINANCING","","","","","","","","","","","0.40100","","","","","","","97364.47"
"","2023-12-06 10:00:00 -12","DAILY_FINANCING","Trade ID: 13133","XAU/USD","","","","","","","","","0.20050","","","","","","",""
"","2023-12-06 10:00:00 -12","DAILY_FINANCING","Trade ID: 13156","XAU/USD","","","","","","","","","0.20050","","","","","","",""
"13164","2023-12-07 01:47:38 -12","ORDER_FILL","STOP_LOSS_ORDER","XAU/USD","2040.01000","1.00","Buy","0.1391","","","","","0.00000","0.0000","0.0000","","0.80","-12.69120","","97351.78"
"13165","2023-12-07 01:47:38 -12","ORDER_CANCEL","LINKED_TRADE_CLOSED","","","","","","","","","","","","","","","","",""
"13166","2023-12-07 10:00:00 -12","DAILY_FINANCING","","","","","","","","","","","0.20020","","","","","","","97351.98"
"","2023-12-07 10:00:00 -12","DAILY_FINANCING","Trade ID: 13156","XAU/USD","","","","","","","","","0.20020","","","","","","",""
"13167","2023-12-07 23:37:07 -12","MARKET_ORDER","CLIENT_ORDER","XAU/USD","","1.00","Sell","","","","","","","","","","","","",""
"13168","2023-12-07 23:37:07 -12","ORDER_FILL","MARKET_ORDER","XAU/USD","2029.91000","1.00","Sell","0.1033","","","","","0.00000","0.0000","0.0000","","","0.00000","","97351.98"
"13169","2023-12-07 23:37:07 -12","STOP_LOSS_ORDER","CLIENT_ORDER","","2040.00000","","","","","","","","","","","","","","",""
"13170","2023-12-07 23:37:07 -12","TAKE_PROFIT_ORDER","CLIENT_ORDER","","2020.00000","","","","","","","","","","","","","","",""
"13171","2023-12-08 01:30:22 -12","ORDER_FILL","TAKE_PROFIT_ORDER","XAU/USD","2019.96000","1.00","Buy","0.1038","","","","","0.00000","0.0000","0.0000","","0.79","7.90260","","97359.88"
"13172","2023-12-08 01:30:22 -12","ORDER_CANCEL","LINKED_TRADE_CLOSED","","","","","","","","","","","","","","","","",""
"13173","2023-12-08 01:35:42 -12","ORDER_FILL","TAKE_PROFIT_ORDER","XAU/USD","2014.77000","1.00","Buy","0.1078","","","","","0.00000","0.0000","0.0000","","0.79","11.87500","","97371.76"
"13174","2023-12-08 01:35:42 -12","ORDER_CANCEL","LINKED_TRADE_CLOSED","","","","","","","","","","","","","","","","",""
"13175","2023-12-10 23:52:06 -12","MARKET_ORDER","CLIENT_ORDER","XAU/USD","","1.00","Sell","","","","","","","","","","","","",""
"13176","2023-12-10 23:52:06 -12","ORDER_FILL","MARKET_ORDER","XAU/USD","1994.18000","1.00","Sell","0.1232","","","","","0.00000","0.0000","0.0000","","","0.00000","","97371.76"
"13177","2023-12-10 23:52:06 -12","STOP_LOSS_ORDER","CLIENT_ORDER","","2000.00000","","","","","","","","","","","","","","",""
"13178","2023-12-10 23:52:06 -12","TAKE_PROFIT_ORDER","CLIENT_ORDER","","1982.00000","","","","","","","","","","","","","","",""
"13179","2023-12-11 03:35:47 -12","ORDER_FILL","TAKE_PROFIT_ORDER","XAU/USD","1981.83000","1.00","Buy","0.1353","","","","","0.00000","0.0000","0.0000","","0.79","9.77920","","97381.54"
"13180","2023-12-11 03:35:47 -12","ORDER_CANCEL","LINKED_TRADE_CLOSED","","","","","","","","","","","","","","","","",""